--------------------------------------------------------
--  File created - Sunday-May-04-2025   
--------------------------------------------------------
--------------------------------------------------------
--  DDL for Sequence BOXS_SEQ
--------------------------------------------------------

   CREATE SEQUENCE  "KINZA"."BOXS_SEQ"  MINVALUE 1 MAXVALUE 9999999999999999999999999999 INCREMENT BY 1 START WITH 4 NOCACHE  NOORDER  NOCYCLE ;
--------------------------------------------------------
--  DDL for Sequence EMPLOYEES_SEQ
--------------------------------------------------------

   CREATE SEQUENCE  "KINZA"."EMPLOYEES_SEQ"  MINVALUE 1 MAXVALUE 9999999999999999999999999999 INCREMENT BY 1 START WITH 5 NOCACHE  NOORDER  NOCYCLE ;
--------------------------------------------------------
--  DDL for Sequence EQUIPEMENTS_SEQ
--------------------------------------------------------

   CREATE SEQUENCE  "KINZA"."EQUIPEMENTS_SEQ"  MINVALUE 1 MAXVALUE 9999999999999999999999999999 INCREMENT BY 1 START WITH 3 NOCACHE  NOORDER  NOCYCLE ;
--------------------------------------------------------
--  DDL for Sequence EXAMENS_SEQ
--------------------------------------------------------

   CREATE SEQUENCE  "KINZA"."EXAMENS_SEQ"  MINVALUE 1 MAXVALUE 9999999999999999999999999999 INCREMENT BY 1 START WITH 5 NOCACHE  NOORDER  NOCYCLE ;
--------------------------------------------------------
--  DDL for Sequence INSTITUTS_SEQ
--------------------------------------------------------

   CREATE SEQUENCE  "KINZA"."INSTITUTS_SEQ"  MINVALUE 1 MAXVALUE 9999999999999999999999999999 INCREMENT BY 1 START WITH 5 NOCACHE  NOORDER  NOCYCLE ;
--------------------------------------------------------
--  DDL for Sequence LIVREURS_SEQ
--------------------------------------------------------

   CREATE SEQUENCE  "KINZA"."LIVREURS_SEQ"  MINVALUE 1 MAXVALUE 9999999999999999999999999999 INCREMENT BY 1 START WITH 5 NOCACHE  NOORDER  NOCYCLE ;
--------------------------------------------------------
--  DDL for Table BOXS
--------------------------------------------------------

  CREATE TABLE "KINZA"."BOXS" 
   (	"ID_BOX" NUMBER, 
	"IDEXAMEN" NUMBER, 
	"IDLIVREUR" NUMBER, 
	"ID_INST" NUMBER, 
	"DATE_CREATION" DATE DEFAULT SYSDATE, 
	"DESTINATION" VARCHAR2(100 BYTE), 
	"STATUS" VARCHAR2(20 BYTE), 
	"ETAT" VARCHAR2(20 BYTE)
   ) SEGMENT CREATION IMMEDIATE 
  PCTFREE 10 PCTUSED 40 INITRANS 1 MAXTRANS 255 NOCOMPRESS LOGGING
  STORAGE(INITIAL 65536 NEXT 1048576 MINEXTENTS 1 MAXEXTENTS 2147483645
  PCTINCREASE 0 FREELISTS 1 FREELIST GROUPS 1 BUFFER_POOL DEFAULT FLASH_CACHE DEFAULT CELL_FLASH_CACHE DEFAULT)
  TABLESPACE "SYSTEM" ;
--------------------------------------------------------
--  DDL for Table DIRIGER
--------------------------------------------------------

  CREATE TABLE "KINZA"."DIRIGER" 
   (	"ID_EQUIP" VARCHAR2(20 BYTE), 
	"ID_EMPLO" NUMBER
   ) SEGMENT CREATION IMMEDIATE 
  PCTFREE 10 PCTUSED 40 INITRANS 1 MAXTRANS 255 NOCOMPRESS LOGGING
  STORAGE(INITIAL 65536 NEXT 1048576 MINEXTENTS 1 MAXEXTENTS 2147483645
  PCTINCREASE 0 FREELISTS 1 FREELIST GROUPS 1 BUFFER_POOL DEFAULT FLASH_CACHE DEFAULT CELL_FLASH_CACHE DEFAULT)
  TABLESPACE "SYSTEM" ;
--------------------------------------------------------
--  DDL for Table EMPLOYEES
--------------------------------------------------------

  CREATE TABLE "KINZA"."EMPLOYEES" 
   (	"ID_EMPLOYE" NUMBER, 
	"USERNAME" VARCHAR2(20 BYTE), 
	"PASSWORD" VARCHAR2(20 BYTE), 
	"NUMBERP" NUMBER, 
	"ROLE" VARCHAR2(25 BYTE)
   ) SEGMENT CREATION IMMEDIATE 
  PCTFREE 10 PCTUSED 40 INITRANS 1 MAXTRANS 255 NOCOMPRESS LOGGING
  STORAGE(INITIAL 65536 NEXT 1048576 MINEXTENTS 1 MAXEXTENTS 2147483645
  PCTINCREASE 0 FREELISTS 1 FREELIST GROUPS 1 BUFFER_POOL DEFAULT FLASH_CACHE DEFAULT CELL_FLASH_CACHE DEFAULT)
  TABLESPACE "SYSTEM" ;
--------------------------------------------------------
--  DDL for Table EQUIPEMENTS
--------------------------------------------------------

  CREATE TABLE "KINZA"."EQUIPEMENTS" 
   (	"ID_EQUIPEMENTS" NUMBER, 
	"NOM_EQUIPEMENT" VARCHAR2(100 BYTE), 
	"MARQUE" VARCHAR2(50 BYTE), 
	"TYPE" VARCHAR2(50 BYTE), 
	"QUANTITE" NUMBER, 
	"PRIX_EQUIPEMENT" NUMBER(10,2), 
	"DATE_MAINTENANCE" DATE
   ) SEGMENT CREATION IMMEDIATE 
  PCTFREE 10 PCTUSED 40 INITRANS 1 MAXTRANS 255 NOCOMPRESS LOGGING
  STORAGE(INITIAL 65536 NEXT 1048576 MINEXTENTS 1 MAXEXTENTS 2147483645
  PCTINCREASE 0 FREELISTS 1 FREELIST GROUPS 1 BUFFER_POOL DEFAULT FLASH_CACHE DEFAULT CELL_FLASH_CACHE DEFAULT)
  TABLESPACE "SYSTEM" ;
--------------------------------------------------------
--  DDL for Table EXAMENS
--------------------------------------------------------

  CREATE TABLE "KINZA"."EXAMENS" 
   (	"IDEXAMEN" NUMBER, 
	"NOMEXAMEN" VARCHAR2(20 BYTE), 
	"MATIEREEXAMEN" VARCHAR2(20 BYTE), 
	"DATEEXAMEN" DATE, 
	"DUREEEXAMEN" NUMBER, 
	"NBRCOPIES" NUMBER, 
	"NIVEAU" VARCHAR2(20 BYTE)
   ) SEGMENT CREATION IMMEDIATE 
  PCTFREE 10 PCTUSED 40 INITRANS 1 MAXTRANS 255 NOCOMPRESS LOGGING
  STORAGE(INITIAL 65536 NEXT 1048576 MINEXTENTS 1 MAXEXTENTS 2147483645
  PCTINCREASE 0 FREELISTS 1 FREELIST GROUPS 1 BUFFER_POOL DEFAULT FLASH_CACHE DEFAULT CELL_FLASH_CACHE DEFAULT)
  TABLESPACE "SYSTEM" ;
--------------------------------------------------------
--  DDL for Table GERER
--------------------------------------------------------

  CREATE TABLE "KINZA"."GERER" 
   (	"ID_LIVREUR" NUMBER, 
	"ID_EMPLOYE" NUMBER
   ) SEGMENT CREATION IMMEDIATE 
  PCTFREE 10 PCTUSED 40 INITRANS 1 MAXTRANS 255 NOCOMPRESS LOGGING
  STORAGE(INITIAL 65536 NEXT 1048576 MINEXTENTS 1 MAXEXTENTS 2147483645
  PCTINCREASE 0 FREELISTS 1 FREELIST GROUPS 1 BUFFER_POOL DEFAULT FLASH_CACHE DEFAULT CELL_FLASH_CACHE DEFAULT)
  TABLESPACE "SYSTEM" ;
--------------------------------------------------------
--  DDL for Table INSTITUTS
--------------------------------------------------------

  CREATE TABLE "KINZA"."INSTITUTS" 
   (	"ID_INST" NUMBER, 
	"NOM_INST" VARCHAR2(20 BYTE), 
	"ADRESSE_INST" VARCHAR2(200 BYTE), 
	"RESPONSABLE_INST" VARCHAR2(30 BYTE), 
	"TELEPHONE_INST" NUMBER, 
	"EMAIL_INST" VARCHAR2(100 BYTE), 
	"CAPACITE_INST" NUMBER, 
	"ID_EMPLO" NUMBER, 
	"DISTANCE_INST" NUMBER(6,2)
   ) SEGMENT CREATION IMMEDIATE 
  PCTFREE 10 PCTUSED 40 INITRANS 1 MAXTRANS 255 NOCOMPRESS LOGGING
  STORAGE(INITIAL 65536 NEXT 1048576 MINEXTENTS 1 MAXEXTENTS 2147483645
  PCTINCREASE 0 FREELISTS 1 FREELIST GROUPS 1 BUFFER_POOL DEFAULT FLASH_CACHE DEFAULT CELL_FLASH_CACHE DEFAULT)
  TABLESPACE "SYSTEM" ;
--------------------------------------------------------
--  DDL for Table LIVREURES
--------------------------------------------------------

  CREATE TABLE "KINZA"."LIVREURES" 
   (	"IDLIVREUR" NUMBER, 
	"CINLIVREUR" VARCHAR2(20 BYTE), 
	"NOMLIVREUR" VARCHAR2(20 BYTE), 
	"PRENOMLIVREUR" VARCHAR2(20 BYTE), 
	"TELEPHONELIVREUR" NUMBER, 
	"VEHICULELIVREUR" VARCHAR2(20 BYTE), 
	"NBRMAXBOX" NUMBER, 
	"ETATLIVREUR" VARCHAR2(20 BYTE), 
	"EMAILLIVREUR" VARCHAR2(50 BYTE), 
	"IMAGEPATH" VARCHAR2(255 BYTE)
   ) SEGMENT CREATION IMMEDIATE 
  PCTFREE 10 PCTUSED 40 INITRANS 1 MAXTRANS 255 NOCOMPRESS LOGGING
  STORAGE(INITIAL 65536 NEXT 1048576 MINEXTENTS 1 MAXEXTENTS 2147483645
  PCTINCREASE 0 FREELISTS 1 FREELIST GROUPS 1 BUFFER_POOL DEFAULT FLASH_CACHE DEFAULT CELL_FLASH_CACHE DEFAULT)
  TABLESPACE "SYSTEM" ;
REM INSERTING into KINZA.BOXS
SET DEFINE OFF;
Insert into KINZA.BOXS (ID_BOX,IDEXAMEN,IDLIVREUR,ID_INST,DATE_CREATION,DESTINATION,STATUS,ETAT) values (1,1,1,1,to_date('03-MAY-25','DD-MON-RR'),'Institut Alpha','fermer-arriver','livrée');
Insert into KINZA.BOXS (ID_BOX,IDEXAMEN,IDLIVREUR,ID_INST,DATE_CREATION,DESTINATION,STATUS,ETAT) values (2,2,1,3,to_date('04-MAY-25','DD-MON-RR'),'Institut Gamma','ouvert','non-livrée');
REM INSERTING into KINZA.DIRIGER
SET DEFINE OFF;
Insert into KINZA.DIRIGER (ID_EQUIP,ID_EMPLO) values ('1',1);
Insert into KINZA.DIRIGER (ID_EQUIP,ID_EMPLO) values ('2',2);
Insert into KINZA.DIRIGER (ID_EQUIP,ID_EMPLO) values ('3',3);
Insert into KINZA.DIRIGER (ID_EQUIP,ID_EMPLO) values ('4',4);
REM INSERTING into KINZA.EMPLOYEES
SET DEFINE OFF;
Insert into KINZA.EMPLOYEES (ID_EMPLOYE,USERNAME,PASSWORD,NUMBERP,ROLE) values (1,'ayoub','pwd123',55511122,'Admin');
Insert into KINZA.EMPLOYEES (ID_EMPLOYE,USERNAME,PASSWORD,NUMBERP,ROLE) values (2,'israa','pwd123',55522233,'Responsable');
Insert into KINZA.EMPLOYEES (ID_EMPLOYE,USERNAME,PASSWORD,NUMBERP,ROLE) values (3,'ezzedine','pwd123',55533344,'Livreur');
Insert into KINZA.EMPLOYEES (ID_EMPLOYE,USERNAME,PASSWORD,NUMBERP,ROLE) values (4,'sami','pwd123',55544455,'Gestionnaire');
REM INSERTING into KINZA.EQUIPEMENTS
SET DEFINE OFF;
Insert into KINZA.EQUIPEMENTS (ID_EQUIPEMENTS,NOM_EQUIPEMENT,MARQUE,TYPE,QUANTITE,PRIX_EQUIPEMENT,DATE_MAINTENANCE) values (1,'ordinateur','dell','informatique',15,1700,to_date('18-MAY-25','DD-MON-RR'));
Insert into KINZA.EQUIPEMENTS (ID_EQUIPEMENTS,NOM_EQUIPEMENT,MARQUE,TYPE,QUANTITE,PRIX_EQUIPEMENT,DATE_MAINTENANCE) values (2,'ordinateur','asus','informatique',6,1500,to_date('05-MAY-25','DD-MON-RR'));
REM INSERTING into KINZA.EXAMENS
SET DEFINE OFF;
Insert into KINZA.EXAMENS (IDEXAMEN,NOMEXAMEN,MATIEREEXAMEN,DATEEXAMEN,DUREEEXAMEN,NBRCOPIES,NIVEAU) values (1,'Math Exam','Mathématiques',to_date('01-JUN-25','DD-MON-RR'),120,30,'Terminale');
Insert into KINZA.EXAMENS (IDEXAMEN,NOMEXAMEN,MATIEREEXAMEN,DATEEXAMEN,DUREEEXAMEN,NBRCOPIES,NIVEAU) values (2,'Physique Exam','Physique',to_date('10-JUN-25','DD-MON-RR'),90,25,'2ème');
Insert into KINZA.EXAMENS (IDEXAMEN,NOMEXAMEN,MATIEREEXAMEN,DATEEXAMEN,DUREEEXAMEN,NBRCOPIES,NIVEAU) values (3,'Quiz Chimie','Chimie',to_date('15-JUN-25','DD-MON-RR'),60,20,'1ère');
Insert into KINZA.EXAMENS (IDEXAMEN,NOMEXAMEN,MATIEREEXAMEN,DATEEXAMEN,DUREEEXAMEN,NBRCOPIES,NIVEAU) values (4,'Histoire Exam','Histoire',to_date('20-JUN-25','DD-MON-RR'),100,35,'Licence');
REM INSERTING into KINZA.GERER
SET DEFINE OFF;
Insert into KINZA.GERER (ID_LIVREUR,ID_EMPLOYE) values (1,1);
Insert into KINZA.GERER (ID_LIVREUR,ID_EMPLOYE) values (2,2);
Insert into KINZA.GERER (ID_LIVREUR,ID_EMPLOYE) values (3,3);
Insert into KINZA.GERER (ID_LIVREUR,ID_EMPLOYE) values (4,4);
REM INSERTING into KINZA.INSTITUTS
SET DEFINE OFF;
Insert into KINZA.INSTITUTS (ID_INST,NOM_INST,ADRESSE_INST,RESPONSABLE_INST,TELEPHONE_INST,EMAIL_INST,CAPACITE_INST,ID_EMPLO,DISTANCE_INST) values (1,'Institut Alpha','1 Alpha St','Dr Alpha',1111111111,'alpha@inst.com',100,1,10);
Insert into KINZA.INSTITUTS (ID_INST,NOM_INST,ADRESSE_INST,RESPONSABLE_INST,TELEPHONE_INST,EMAIL_INST,CAPACITE_INST,ID_EMPLO,DISTANCE_INST) values (2,'Institut Beta','2 Beta Ave','Dr Beta',2222222222,'beta@inst.com',150,2,22);
Insert into KINZA.INSTITUTS (ID_INST,NOM_INST,ADRESSE_INST,RESPONSABLE_INST,TELEPHONE_INST,EMAIL_INST,CAPACITE_INST,ID_EMPLO,DISTANCE_INST) values (3,'Institut Gamma','3 Gamma Rd','Dr Gamma',3333333333,'gamma@inst.com',200,3,18);
Insert into KINZA.INSTITUTS (ID_INST,NOM_INST,ADRESSE_INST,RESPONSABLE_INST,TELEPHONE_INST,EMAIL_INST,CAPACITE_INST,ID_EMPLO,DISTANCE_INST) values (4,'Institut Delta','4 Delta Blvd','Dr Delta',4444444444,'delta@inst.com',120,4,27);
REM INSERTING into KINZA.LIVREURES
SET DEFINE OFF;
Insert into KINZA.LIVREURES (IDLIVREUR,CINLIVREUR,NOMLIVREUR,PRENOMLIVREUR,TELEPHONELIVREUR,VEHICULELIVREUR,NBRMAXBOX,ETATLIVREUR,EMAILLIVREUR,IMAGEPATH) values (1,'55555555','Ayoub','Ayoub',55555555,'Car',10,'Libre','ayoub@example.com',null);
Insert into KINZA.LIVREURES (IDLIVREUR,CINLIVREUR,NOMLIVREUR,PRENOMLIVREUR,TELEPHONELIVREUR,VEHICULELIVREUR,NBRMAXBOX,ETATLIVREUR,EMAILLIVREUR,IMAGEPATH) values (2,'66666666','Israa','Israa',66666666,'Truck',15,'Libre','israa@example.com',null);
Insert into KINZA.LIVREURES (IDLIVREUR,CINLIVREUR,NOMLIVREUR,PRENOMLIVREUR,TELEPHONELIVREUR,VEHICULELIVREUR,NBRMAXBOX,ETATLIVREUR,EMAILLIVREUR,IMAGEPATH) values (3,'77777777','Ezzedine','Ezzedine',77777777,'Van',8,'Libre','ezzedine@example.com',null);
Insert into KINZA.LIVREURES (IDLIVREUR,CINLIVREUR,NOMLIVREUR,PRENOMLIVREUR,TELEPHONELIVREUR,VEHICULELIVREUR,NBRMAXBOX,ETATLIVREUR,EMAILLIVREUR,IMAGEPATH) values (4,'88888888','Sami','Sami',88888888,'Bike',5,'Libre','sami@example.com',null);
--------------------------------------------------------
--  DDL for Index GERER_PK
--------------------------------------------------------

  CREATE UNIQUE INDEX "KINZA"."GERER_PK" ON "KINZA"."GERER" ("ID_LIVREUR", "ID_EMPLOYE") 
  PCTFREE 10 INITRANS 2 MAXTRANS 255 COMPUTE STATISTICS 
  STORAGE(INITIAL 65536 NEXT 1048576 MINEXTENTS 1 MAXEXTENTS 2147483645
  PCTINCREASE 0 FREELISTS 1 FREELIST GROUPS 1 BUFFER_POOL DEFAULT FLASH_CACHE DEFAULT CELL_FLASH_CACHE DEFAULT)
  TABLESPACE "SYSTEM" ;
--------------------------------------------------------
--  DDL for Index DIRIGER_PK
--------------------------------------------------------

  CREATE UNIQUE INDEX "KINZA"."DIRIGER_PK" ON "KINZA"."DIRIGER" ("ID_EMPLO", "ID_EQUIP") 
  PCTFREE 10 INITRANS 2 MAXTRANS 255 COMPUTE STATISTICS 
  STORAGE(INITIAL 65536 NEXT 1048576 MINEXTENTS 1 MAXEXTENTS 2147483645
  PCTINCREASE 0 FREELISTS 1 FREELIST GROUPS 1 BUFFER_POOL DEFAULT FLASH_CACHE DEFAULT CELL_FLASH_CACHE DEFAULT)
  TABLESPACE "SYSTEM" ;
--------------------------------------------------------
--  DDL for Trigger BOXS_TRG
--------------------------------------------------------

  CREATE OR REPLACE TRIGGER "KINZA"."BOXS_TRG" 
BEFORE INSERT ON BOXS FOR EACH ROW
BEGIN
    IF :NEW.ID_BOX IS NULL THEN
        SELECT BOXS_SEQ.NEXTVAL INTO :NEW.ID_BOX FROM DUAL;
    END IF;
END;

/
ALTER TRIGGER "KINZA"."BOXS_TRG" ENABLE;
--------------------------------------------------------
--  DDL for Trigger EMPLOYEES_TRG
--------------------------------------------------------

  CREATE OR REPLACE TRIGGER "KINZA"."EMPLOYEES_TRG" 
BEFORE INSERT ON EMPLOYEES FOR EACH ROW
BEGIN
    IF :NEW.ID_EMPLOYE IS NULL THEN
        SELECT EMPLOYEES_SEQ.NEXTVAL INTO :NEW.ID_EMPLOYE FROM DUAL;
    END IF;
END;

/
ALTER TRIGGER "KINZA"."EMPLOYEES_TRG" ENABLE;
--------------------------------------------------------
--  DDL for Trigger EQUIPEMENTS_TRIG
--------------------------------------------------------

  CREATE OR REPLACE TRIGGER "KINZA"."EQUIPEMENTS_TRIG" 
BEFORE INSERT ON KINZA.EQUIPEMENTS
FOR EACH ROW
 WHEN (NEW.ID_EQUIPEMENTS IS NULL) BEGIN
    SELECT KINZA.EQUIPEMENTS_SEQ.NEXTVAL
    INTO   :NEW.ID_EQUIPEMENTS
    FROM   DUAL;
END;

/
ALTER TRIGGER "KINZA"."EQUIPEMENTS_TRIG" ENABLE;
--------------------------------------------------------
--  DDL for Trigger EXAMENS_TRG
--------------------------------------------------------

  CREATE OR REPLACE TRIGGER "KINZA"."EXAMENS_TRG" 
BEFORE INSERT ON EXAMENS FOR EACH ROW
BEGIN
    IF :NEW.IDEXAMEN IS NULL THEN
        SELECT EXAMENS_SEQ.NEXTVAL INTO :NEW.IDEXAMEN FROM DUAL;
    END IF;
END;

/
ALTER TRIGGER "KINZA"."EXAMENS_TRG" ENABLE;
--------------------------------------------------------
--  DDL for Trigger INSTITUTS_TRG
--------------------------------------------------------

  CREATE OR REPLACE TRIGGER "KINZA"."INSTITUTS_TRG" 
BEFORE INSERT ON INSTITUTS FOR EACH ROW
BEGIN
    IF :NEW.ID_INST IS NULL THEN
        SELECT INSTITUTS_SEQ.NEXTVAL INTO :NEW.ID_INST FROM DUAL;
    END IF;
END;

/
ALTER TRIGGER "KINZA"."INSTITUTS_TRG" ENABLE;
--------------------------------------------------------
--  DDL for Trigger LIVREURES_TRG
--------------------------------------------------------

  CREATE OR REPLACE TRIGGER "KINZA"."LIVREURES_TRG" 
BEFORE INSERT ON LIVREURES FOR EACH ROW
BEGIN
    IF :NEW.IDLIVREUR IS NULL THEN
        SELECT LIVREURS_SEQ.NEXTVAL INTO :NEW.IDLIVREUR FROM DUAL;
    END IF;
END;

/
ALTER TRIGGER "KINZA"."LIVREURES_TRG" ENABLE;
--------------------------------------------------------
--  Constraints for Table EMPLOYEES
--------------------------------------------------------

  ALTER TABLE "KINZA"."EMPLOYEES" ADD PRIMARY KEY ("ID_EMPLOYE")
  USING INDEX PCTFREE 10 INITRANS 2 MAXTRANS 255 COMPUTE STATISTICS 
  STORAGE(INITIAL 65536 NEXT 1048576 MINEXTENTS 1 MAXEXTENTS 2147483645
  PCTINCREASE 0 FREELISTS 1 FREELIST GROUPS 1 BUFFER_POOL DEFAULT FLASH_CACHE DEFAULT CELL_FLASH_CACHE DEFAULT)
  TABLESPACE "SYSTEM"  ENABLE;
  ALTER TABLE "KINZA"."EMPLOYEES" MODIFY ("ROLE" NOT NULL ENABLE);
  ALTER TABLE "KINZA"."EMPLOYEES" MODIFY ("NUMBERP" NOT NULL ENABLE);
  ALTER TABLE "KINZA"."EMPLOYEES" MODIFY ("PASSWORD" NOT NULL ENABLE);
  ALTER TABLE "KINZA"."EMPLOYEES" MODIFY ("USERNAME" NOT NULL ENABLE);
--------------------------------------------------------
--  Constraints for Table EXAMENS
--------------------------------------------------------

  ALTER TABLE "KINZA"."EXAMENS" ADD PRIMARY KEY ("IDEXAMEN")
  USING INDEX PCTFREE 10 INITRANS 2 MAXTRANS 255 COMPUTE STATISTICS 
  STORAGE(INITIAL 65536 NEXT 1048576 MINEXTENTS 1 MAXEXTENTS 2147483645
  PCTINCREASE 0 FREELISTS 1 FREELIST GROUPS 1 BUFFER_POOL DEFAULT FLASH_CACHE DEFAULT CELL_FLASH_CACHE DEFAULT)
  TABLESPACE "SYSTEM"  ENABLE;
  ALTER TABLE "KINZA"."EXAMENS" MODIFY ("NIVEAU" NOT NULL ENABLE);
  ALTER TABLE "KINZA"."EXAMENS" MODIFY ("NBRCOPIES" NOT NULL ENABLE);
  ALTER TABLE "KINZA"."EXAMENS" MODIFY ("DUREEEXAMEN" NOT NULL ENABLE);
  ALTER TABLE "KINZA"."EXAMENS" MODIFY ("DATEEXAMEN" NOT NULL ENABLE);
  ALTER TABLE "KINZA"."EXAMENS" MODIFY ("MATIEREEXAMEN" NOT NULL ENABLE);
  ALTER TABLE "KINZA"."EXAMENS" MODIFY ("NOMEXAMEN" NOT NULL ENABLE);
--------------------------------------------------------
--  Constraints for Table DIRIGER
--------------------------------------------------------

  ALTER TABLE "KINZA"."DIRIGER" ADD CONSTRAINT "DIRIGER_PK" PRIMARY KEY ("ID_EMPLO", "ID_EQUIP")
  USING INDEX PCTFREE 10 INITRANS 2 MAXTRANS 255 COMPUTE STATISTICS 
  STORAGE(INITIAL 65536 NEXT 1048576 MINEXTENTS 1 MAXEXTENTS 2147483645
  PCTINCREASE 0 FREELISTS 1 FREELIST GROUPS 1 BUFFER_POOL DEFAULT FLASH_CACHE DEFAULT CELL_FLASH_CACHE DEFAULT)
  TABLESPACE "SYSTEM"  ENABLE;
--------------------------------------------------------
--  Constraints for Table INSTITUTS
--------------------------------------------------------

  ALTER TABLE "KINZA"."INSTITUTS" ADD UNIQUE ("EMAIL_INST")
  USING INDEX PCTFREE 10 INITRANS 2 MAXTRANS 255 COMPUTE STATISTICS 
  STORAGE(INITIAL 65536 NEXT 1048576 MINEXTENTS 1 MAXEXTENTS 2147483645
  PCTINCREASE 0 FREELISTS 1 FREELIST GROUPS 1 BUFFER_POOL DEFAULT FLASH_CACHE DEFAULT CELL_FLASH_CACHE DEFAULT)
  TABLESPACE "SYSTEM"  ENABLE;
  ALTER TABLE "KINZA"."INSTITUTS" ADD PRIMARY KEY ("ID_INST")
  USING INDEX PCTFREE 10 INITRANS 2 MAXTRANS 255 COMPUTE STATISTICS 
  STORAGE(INITIAL 65536 NEXT 1048576 MINEXTENTS 1 MAXEXTENTS 2147483645
  PCTINCREASE 0 FREELISTS 1 FREELIST GROUPS 1 BUFFER_POOL DEFAULT FLASH_CACHE DEFAULT CELL_FLASH_CACHE DEFAULT)
  TABLESPACE "SYSTEM"  ENABLE;
  ALTER TABLE "KINZA"."INSTITUTS" MODIFY ("CAPACITE_INST" NOT NULL ENABLE);
  ALTER TABLE "KINZA"."INSTITUTS" MODIFY ("EMAIL_INST" NOT NULL ENABLE);
  ALTER TABLE "KINZA"."INSTITUTS" MODIFY ("TELEPHONE_INST" NOT NULL ENABLE);
  ALTER TABLE "KINZA"."INSTITUTS" MODIFY ("RESPONSABLE_INST" NOT NULL ENABLE);
  ALTER TABLE "KINZA"."INSTITUTS" MODIFY ("ADRESSE_INST" NOT NULL ENABLE);
  ALTER TABLE "KINZA"."INSTITUTS" MODIFY ("NOM_INST" NOT NULL ENABLE);
--------------------------------------------------------
--  Constraints for Table GERER
--------------------------------------------------------

  ALTER TABLE "KINZA"."GERER" ADD CONSTRAINT "GERER_PK" PRIMARY KEY ("ID_LIVREUR", "ID_EMPLOYE")
  USING INDEX PCTFREE 10 INITRANS 2 MAXTRANS 255 COMPUTE STATISTICS 
  STORAGE(INITIAL 65536 NEXT 1048576 MINEXTENTS 1 MAXEXTENTS 2147483645
  PCTINCREASE 0 FREELISTS 1 FREELIST GROUPS 1 BUFFER_POOL DEFAULT FLASH_CACHE DEFAULT CELL_FLASH_CACHE DEFAULT)
  TABLESPACE "SYSTEM"  ENABLE;
--------------------------------------------------------
--  Constraints for Table EQUIPEMENTS
--------------------------------------------------------

  ALTER TABLE "KINZA"."EQUIPEMENTS" ADD PRIMARY KEY ("ID_EQUIPEMENTS")
  USING INDEX PCTFREE 10 INITRANS 2 MAXTRANS 255 COMPUTE STATISTICS 
  STORAGE(INITIAL 65536 NEXT 1048576 MINEXTENTS 1 MAXEXTENTS 2147483645
  PCTINCREASE 0 FREELISTS 1 FREELIST GROUPS 1 BUFFER_POOL DEFAULT FLASH_CACHE DEFAULT CELL_FLASH_CACHE DEFAULT)
  TABLESPACE "SYSTEM"  ENABLE;
  ALTER TABLE "KINZA"."EQUIPEMENTS" MODIFY ("DATE_MAINTENANCE" NOT NULL ENABLE);
  ALTER TABLE "KINZA"."EQUIPEMENTS" MODIFY ("PRIX_EQUIPEMENT" NOT NULL ENABLE);
  ALTER TABLE "KINZA"."EQUIPEMENTS" MODIFY ("QUANTITE" NOT NULL ENABLE);
  ALTER TABLE "KINZA"."EQUIPEMENTS" MODIFY ("TYPE" NOT NULL ENABLE);
  ALTER TABLE "KINZA"."EQUIPEMENTS" MODIFY ("MARQUE" NOT NULL ENABLE);
  ALTER TABLE "KINZA"."EQUIPEMENTS" MODIFY ("NOM_EQUIPEMENT" NOT NULL ENABLE);
--------------------------------------------------------
--  Constraints for Table BOXS
--------------------------------------------------------

  ALTER TABLE "KINZA"."BOXS" ADD PRIMARY KEY ("ID_BOX")
  USING INDEX PCTFREE 10 INITRANS 2 MAXTRANS 255 COMPUTE STATISTICS 
  STORAGE(INITIAL 65536 NEXT 1048576 MINEXTENTS 1 MAXEXTENTS 2147483645
  PCTINCREASE 0 FREELISTS 1 FREELIST GROUPS 1 BUFFER_POOL DEFAULT FLASH_CACHE DEFAULT CELL_FLASH_CACHE DEFAULT)
  TABLESPACE "SYSTEM"  ENABLE;
  ALTER TABLE "KINZA"."BOXS" MODIFY ("ETAT" NOT NULL ENABLE);
  ALTER TABLE "KINZA"."BOXS" MODIFY ("STATUS" NOT NULL ENABLE);
  ALTER TABLE "KINZA"."BOXS" MODIFY ("DATE_CREATION" NOT NULL ENABLE);
--------------------------------------------------------
--  Constraints for Table LIVREURES
--------------------------------------------------------

  ALTER TABLE "KINZA"."LIVREURES" ADD UNIQUE ("CINLIVREUR")
  USING INDEX PCTFREE 10 INITRANS 2 MAXTRANS 255 COMPUTE STATISTICS 
  STORAGE(INITIAL 65536 NEXT 1048576 MINEXTENTS 1 MAXEXTENTS 2147483645
  PCTINCREASE 0 FREELISTS 1 FREELIST GROUPS 1 BUFFER_POOL DEFAULT FLASH_CACHE DEFAULT CELL_FLASH_CACHE DEFAULT)
  TABLESPACE "SYSTEM"  ENABLE;
  ALTER TABLE "KINZA"."LIVREURES" ADD PRIMARY KEY ("IDLIVREUR")
  USING INDEX PCTFREE 10 INITRANS 2 MAXTRANS 255 COMPUTE STATISTICS 
  STORAGE(INITIAL 65536 NEXT 1048576 MINEXTENTS 1 MAXEXTENTS 2147483645
  PCTINCREASE 0 FREELISTS 1 FREELIST GROUPS 1 BUFFER_POOL DEFAULT FLASH_CACHE DEFAULT CELL_FLASH_CACHE DEFAULT)
  TABLESPACE "SYSTEM"  ENABLE;
  ALTER TABLE "KINZA"."LIVREURES" MODIFY ("EMAILLIVREUR" NOT NULL ENABLE);
  ALTER TABLE "KINZA"."LIVREURES" MODIFY ("ETATLIVREUR" NOT NULL ENABLE);
  ALTER TABLE "KINZA"."LIVREURES" MODIFY ("NBRMAXBOX" NOT NULL ENABLE);
  ALTER TABLE "KINZA"."LIVREURES" MODIFY ("VEHICULELIVREUR" NOT NULL ENABLE);
  ALTER TABLE "KINZA"."LIVREURES" MODIFY ("TELEPHONELIVREUR" NOT NULL ENABLE);
  ALTER TABLE "KINZA"."LIVREURES" MODIFY ("PRENOMLIVREUR" NOT NULL ENABLE);
  ALTER TABLE "KINZA"."LIVREURES" MODIFY ("NOMLIVREUR" NOT NULL ENABLE);
  ALTER TABLE "KINZA"."LIVREURES" MODIFY ("CINLIVREUR" NOT NULL ENABLE);
--------------------------------------------------------
--  Ref Constraints for Table BOXS
--------------------------------------------------------

  ALTER TABLE "KINZA"."BOXS" ADD FOREIGN KEY ("IDEXAMEN")
	  REFERENCES "KINZA"."EXAMENS" ("IDEXAMEN") ENABLE;
  ALTER TABLE "KINZA"."BOXS" ADD FOREIGN KEY ("IDLIVREUR")
	  REFERENCES "KINZA"."LIVREURES" ("IDLIVREUR") ENABLE;
  ALTER TABLE "KINZA"."BOXS" ADD FOREIGN KEY ("ID_INST")
	  REFERENCES "KINZA"."INSTITUTS" ("ID_INST") ENABLE;
--------------------------------------------------------
--  Ref Constraints for Table DIRIGER
--------------------------------------------------------

  ALTER TABLE "KINZA"."DIRIGER" ADD FOREIGN KEY ("ID_EMPLO")
	  REFERENCES "KINZA"."EMPLOYEES" ("ID_EMPLOYE") ENABLE;
--------------------------------------------------------
--  Ref Constraints for Table GERER
--------------------------------------------------------

  ALTER TABLE "KINZA"."GERER" ADD FOREIGN KEY ("ID_LIVREUR")
	  REFERENCES "KINZA"."LIVREURES" ("IDLIVREUR") ENABLE;
  ALTER TABLE "KINZA"."GERER" ADD FOREIGN KEY ("ID_EMPLOYE")
	  REFERENCES "KINZA"."EMPLOYEES" ("ID_EMPLOYE") ON DELETE CASCADE ENABLE;
--------------------------------------------------------
--  Ref Constraints for Table INSTITUTS
--------------------------------------------------------

  ALTER TABLE "KINZA"."INSTITUTS" ADD FOREIGN KEY ("ID_EMPLO")
	  REFERENCES "KINZA"."EMPLOYEES" ("ID_EMPLOYE") ENABLE;
